sequential_site,reference_site,positional_barcode
1,52,CCTGAACC
2,53,TATCCAGT
3,54,GAGATAAC
4,55,AGCCTACT
5,56,ATGCACCT
6,57,CAGTTCCA
7,58,CCGTATAT
8,59,TCTCGCCT
9,60,CGCAAGCT
10,61,TATCTGTG
11,62,GCCGAATG
12,63,TACTGCAG
13,64,CATGTTGA
14,65,ATAGAGTC
15,66,ATTAGCTG
16,67,TCACGCTC
17,68,GCATCACG
18,69,CTGAATCA
19,70,AGGACGGT
20,71,TGTCACCG
21,72,ACCTTGAA
22,73,GTGGTTCC
23,74,TATGGTGT
24,75,CGACTGCT
25,76,CTGGCTCT
26,77,GGCTCTTG
27,78,GGTTAGCA
28,79,AGACGCTG
29,80,TTGCTAGG
30,81,CTCCGGTT
31,82,CACCTCAG
32,83,CGTAATAG
33,84,TCTAAGGA
34,85,CGAACTTC
35,86,ACCGCATC
36,87,ATTACCGA
37,88,CCTCATGA
38,89,AGTTGTTG
39,90,ACGCTGTC
40,91,TAGCACGC
41,92,CTAGGATT
42,93,TGAAGGAT
43,94,AGTCCGAA
44,95,TTCAGTAG
45,96,CACTTCGT
46,97,TAAGTACC
47,98,AGGAATGG
48,99,TTGCATGT
49,100,CGATACGC
50,101,TGTTCTCG
51,102,TTCCTCCG
52,103,TCTCTATC
53,104,CACTCTCC
54,105,CGCTTCTG
55,106,TCCGTCAA
56,107,CTTGCCTC
57,108,CCTGTATG
58,109,GAACGATT
59,110,AGGTCTCC
60,111,GGTGTCTT
61,112,CTGTAAGT
62,113,TCAGGTAC
63,114,ATCCGACG
64,115,GCAAGAAG
65,116,ACGTAGCC
66,117,GGTCCATT
67,118,CCAGTCAC
68,119,GGCTTCAA
69,120,AGACGAAC
70,121,TCCGATGG
71,122,GAATTCTC
72,123,CTATCAAC
73,124,TCCACACC
74,125,GTTGCTCA
75,126,CACGCACA
76,127,CGCCACTT
77,128,GAACACCG
78,129,GTACATCC
79,130,CTGGACAA
80,131,GAATCAGC
81,132,CCTTAGTC
82,133,AGTTCCGC
83,133.5,CTTGGTTG
84,134,CCGCCTAA
85,135,CTCACTTA
86,136,TCGCCAGA
87,137,GTAAGCCT
88,138,CTGTTGGC
89,139,GACTCGCA
90,140,GCACTAGA
91,141,TAACGGCT
92,142,TCAACCGC
93,143,ACCGAGTT
94,144,CTACAAGA
95,145,AGTCAGTT
96,146,AGCCATGC
97,147,TACATCTG
98,148,GGTAGAAT
99,149,CTTCGCTA
100,150,TCCACCTT
101,151,GAGGATAT
102,152,GAGATTGT
103,153,ACAGACAT
104,154,TTCTCTCA
105,155,TTGAGTCT
106,156,TACGACCG
107,157,TGCTCCGA
108,158,GGTATATG
109,159,TTCGTTGT
110,160,TGATTGCC
111,161,CTTATGCT
112,162,CAGAGTGC
113,163,AACTGAGC
114,164,GCAGTGTG
115,165,GGATTTAC
116,166,TTTACGTC
117,167,AGACTTAG
118,168,GATGAAGT
119,169,TCTAGAAC
120,170,TAACCAAG
121,171,TCCATTCA
122,172,ATACGGAT
123,173,ATATGGGA
124,174,TTAAGGGC
125,175,CATGCCAT
126,176,CCGTGAGA
127,177,ATTGTCCA
128,178,TTACCGGG
129,179,GACACTAA
130,180,CGCATAGT
131,181,GAAGCGAT
132,182,ACAAACTG
133,183,CGTTGAGG
134,184,CCTATCAG
135,185,AGGAAACA
136,186,AAAGGGTA
137,187,TGTGTACG
138,188,CAGGAGGA
139,189,GTCGTCTA
140,190,AAGAACGT
141,191,CCCAGCTA
142,192,AAAGCTCG
143,193,GTTGACAT
144,194,GAAGAGGG
145,195,TACAACAC
146,196,ATGGTCTC
147,197,ACTGTTAG
148,198,GGCTAAGA
149,199,GCGAACAC
150,200,AATCAGGG
151,201,TGACCTCA
152,202,GATCGGTC
153,203,CCAGGGAT
154,204,GTCGGGAA
155,205,TGCTTGAT
156,206,AGGATAGC
157,207,TAATAGCG
158,208,ACATAGGT
159,209,ATGCGGCA
160,210,GCGAATTA
161,211,GCTAGGGT
162,212,GGGACTAC
163,213,TTTGGACA
164,214,AGATCCCA
165,215,TGCGTTAC
166,216,CCTTTGGA
167,217,ATGACGAA
168,218,ACGGCGAT
169,219,TAACCCTA
170,220,CATAGACG
171,221,CTCGTACC
172,222,AGAGCACC
173,223,ATGTCGGG
174,224,ATCATTGC
175,225,CAACGAGG
176,226,CTCCCAAA
177,227,GGATGAAA
178,228,GAGCTGCT
179,229,TGAAACCT
180,230,ACCAATAC
181,231,CCACACCT
182,232,TCGTTTGA
183,233,CAGTCAGG
184,234,CTTTCATG
185,235,AATCGTAG
186,236,AGAGTGCG
187,237,CAACTATC
188,238,GAGGGACA
189,239,AAGGAATC
190,240,GGCAACCA
191,241,TATGAGGC
192,242,AATCCTCT
193,243,GACATTTC
194,244,TCGGTTTC
195,245,CTATGGCC
196,246,TGGTGGAG
197,247,GCAGACTA
198,248,GATCATTG
199,249,TAGTGTCA
200,250,GTCTCGAG
201,251,TGGCAGGA
202,252,CCATTGAG
203,253,GCTTAGAT
204,254,GTGAGACG
205,255,GGGAGATC
206,256,TGGGCGAA
207,257,ACGGTACC
208,258,AAGTAGAG
209,259,ACCACCAG
210,260,TGTACAGC
211,261,GTGGAGAG
212,262,ACGAGTTC
213,263,GTTAACGG
214,264,
215,265,
216,266,
217,267,
218,268,
219,269,
220,270,
221,271,
222,272,
223,273,
224,274,
225,275,
226,276,
227,277,
228,278,
229,279,
230,280,
231,281,
232,282,
233,283,
234,284,
235,285,
236,286,
237,287,
238,288,
239,289,
240,290,
241,291,
242,292,
243,293,
244,294,
245,295,
246,296,
247,297,
248,298,
249,299,
250,300,
251,301,
252,302,
253,303,
254,304,
255,305,
256,306,
257,307,
258,308,
259,309,
260,310,
261,311,
262,312,
263,313,
264,314,
265,315,
266,316,
267,317,
268,318,
269,319,
270,320,
271,321,
272,322,
273,323,
274,324,
275,325,
276,326,
277,327,
278,328,
279,329,
280,330,
281,331,
282,332,
283,333,
284,334,
285,335,
286,336,
287,337,
288,338,
289,339,
290,340,
291,341,
292,342,
293,343,
294,344,
295,345,
296,346,
297,347,
298,348,
299,349,
300,350,
301,351,
302,352,
303,353,
304,354,
305,355,
306,356,
307,357,
308,358,
309,359,
310,360,
311,361,
312,362,
313,363,
314,364,
315,365,
316,366,
317,367,
318,368,
319,369,
320,370,
321,371,
322,372,
323,373,
324,374,
325,375,
326,376,
327,377,
328,378,
329,379,
330,380,
331,381,
332,382,
333,383,
334,384,
335,385,
336,386,
337,387,
338,388,
339,389,
340,390,
341,391,
342,392,
343,393,
344,394,
345,395,
346,396,
347,397,
348,398,
349,399,
350,400,
351,401,
352,402,
353,403,
354,404,
355,405,
356,406,
357,407,
358,408,
359,409,
360,410,
361,411,
362,412,
363,413,
364,414,
365,415,
366,416,
367,417,
368,418,
369,419,
370,420,
371,421,
372,422,
373,423,
374,424,
375,425,
376,426,
377,427,
378,428,
379,429,
380,430,
381,431,
382,432,
383,433,
384,434,
385,435,
386,436,
387,437,
388,438,
389,439,
390,440,
391,441,
392,442,
393,443,
394,444,
395,445,
396,446,
397,447,
398,448,
399,449,
400,450,
401,451,
402,452,
403,453,
404,454,
405,455,
406,456,
407,457,
408,458,
409,459,
410,460,
411,461,
412,462,
413,463,
414,464,
415,465,
416,466,
417,467,
418,468,
419,469,
420,470,
421,471,
422,472,
423,473,
424,474,
425,475,
426,476,
427,477,
428,478,
429,479,
430,480,
431,481,
432,482,
433,483,
434,484,
435,485,
436,486,
437,487,
438,488,
439,489,
440,490,
441,491,
442,492,
443,493,
444,494,
445,495,
446,496,
447,497,
448,498,
449,499,
450,500,
451,501,
452,502,
453,503,
454,504,
455,505,
456,506,
457,507,
458,508,
459,509,
460,510,
461,511,
462,512,
463,513,
464,514,
465,515,
466,516,
467,517,
468,518,
469,519,
470,520,
471,521,
472,522,
473,523,
474,524,
475,525,
476,526,
477,527,
478,528,
479,529,
480,530,
481,531,
482,532,
483,533,
484,534,
485,535,
486,536,
487,537,
488,538,
489,539,
490,540,
491,541,
492,542,
493,543,
494,544,
495,545,
496,546,
497,547,
498,548,
499,549,
500,550,
501,551,
502,552,
503,553,